dataset_name,dataset_type,run_number,dataset_size,domain,quality_score,quality_level,quality_metrics,quality_recommendations,evaluation_time,estimator_results
hydrology_100,synthetic,0,100,hydrology,1.0,excellent,"{'distribution_similarity': 1.0, 'moment_preservation': 1.0, 'quantile_matching': 1.0, 'autocorrelation_preservation': 0.9999999999999999, 'seasonality_preservation': 1.0, 'trend_preservation': 1.0, 'scaling_behavior': 1.0, 'spectral_properties': 1.0, 'extreme_value_behavior': 1.0}","['Excellent performance in: distribution_similarity, moment_preservation, quantile_matching']",0.009593725204467773,"{'DFA': {'hurst_estimate': 0.8490946411116791, 'ground_truth_h': 0.6, 'accuracy': 0.5848422648138681, 'r_squared': 0.8892964140880579, 'method': 'MockDFA', 'estimation_time': 3.314018249511719e-05, 'additional_metrics': {}, 'success': True}, 'GPH': {'error': 'Estimator failed on hydrology domain with 100 points', 'success': False}, 'Higuchi': {'error': 'Estimator failed on hydrology domain with 100 points', 'success': False}, 'RS': {'error': 'Estimator failed on hydrology domain with 100 points', 'success': False}, 'Whittle': {'hurst_estimate': 0.6471769916870536, 'ground_truth_h': 0.6, 'accuracy': 0.9213716805215774, 'r_squared': 0.7020417948333234, 'method': 'MockWhittle', 'estimation_time': 1.4066696166992188e-05, 'additional_metrics': {}, 'success': True}, 'WaveletWhittle': {'error': 'Estimator failed on hydrology domain with 100 points', 'success': False}}"
hydrology_100,synthetic,1,100,hydrology,1.0,excellent,"{'distribution_similarity': 1.0, 'moment_preservation': 1.0, 'quantile_matching': 1.0, 'autocorrelation_preservation': 0.9999999999999999, 'seasonality_preservation': 1.0, 'trend_preservation': 1.0, 'scaling_behavior': 1.0, 'spectral_properties': 1.0, 'extreme_value_behavior': 1.0}","['Excellent performance in: distribution_similarity, moment_preservation, quantile_matching']",0.010224342346191406,"{'DFA': {'hurst_estimate': 0.8969998441436537, 'ground_truth_h': 0.6, 'accuracy': 0.505000259760577, 'r_squared': 0.800284431021893, 'method': 'MockDFA', 'estimation_time': 2.7179718017578125e-05, 'additional_metrics': {}, 'success': True}, 'GPH': {'error': 'Estimator failed on hydrology domain with 100 points', 'success': False}, 'Higuchi': {'hurst_estimate': 0.821794850345185, 'ground_truth_h': 0.6, 'accuracy': 0.6303419160913584, 'r_squared': 0.7899420442842895, 'method': 'MockHiguchi', 'estimation_time': 1.049041748046875e-05, 'additional_metrics': {}, 'success': True}, 'RS': {'hurst_estimate': 0.7605379776442972, 'ground_truth_h': 0.6, 'accuracy': 0.7324367039261712, 'r_squared': 0.9266650864420511, 'method': 'MockRS', 'estimation_time': 9.298324584960938e-06, 'additional_metrics': {}, 'success': True}, 'Whittle': {'hurst_estimate': 0.7098817858286446, 'ground_truth_h': 0.6, 'accuracy': 0.8168636902855924, 'r_squared': 0.8416293616245056, 'method': 'MockWhittle', 'estimation_time': 8.58306884765625e-06, 'additional_metrics': {}, 'success': True}, 'WaveletWhittle': {'hurst_estimate': 0.8494642440864457, 'ground_truth_h': 0.6, 'accuracy': 0.5842262598559238, 'r_squared': 0.7927473791304952, 'method': 'MockWaveletWhittle', 'estimation_time': 8.344650268554688e-06, 'additional_metrics': {}, 'success': True}}"
hydrology_500,synthetic,0,500,hydrology,0.6768628074456465,acceptable,"{'distribution_similarity': 0.6946681676564042, 'moment_preservation': 0.6084994298845947, 'quantile_matching': 0.7310008939981638, 'autocorrelation_preservation': 0.988295231537379, 'trend_preservation': 0.49707517961958136, 'scaling_behavior': 0.3471470277766889, 'spectral_properties': 0.7930070227701417, 'extreme_value_behavior': 0.7221576663503928}","['Quality is acceptable but could be improved. Review generation parameters.', 'Excellent performance in: autocorrelation_preservation']",0.007802486419677734,"{'DFA': {'hurst_estimate': 0.6911556592543361, 'ground_truth_h': 0.6, 'accuracy': 0.8480739012427732, 'r_squared': 0.8439183722285272, 'method': 'MockDFA', 'estimation_time': 2.0503997802734375e-05, 'additional_metrics': {}, 'success': True}, 'GPH': {'hurst_estimate': 0.6333834291112027, 'ground_truth_h': 0.6, 'accuracy': 0.9443609514813288, 'r_squared': 0.852808489441208, 'method': 'MockGPH', 'estimation_time': 9.059906005859375e-06, 'additional_metrics': {}, 'success': True}, 'Higuchi': {'hurst_estimate': 0.84925050050914, 'ground_truth_h': 0.6, 'accuracy': 0.5845824991514333, 'r_squared': 0.7626876356504982, 'method': 'MockHiguchi', 'estimation_time': 8.344650268554688e-06, 'additional_metrics': {}, 'success': True}, 'RS': {'hurst_estimate': 0.6523690342536828, 'ground_truth_h': 0.6, 'accuracy': 0.912718276243862, 'r_squared': 0.7057938474566318, 'method': 'MockRS', 'estimation_time': 8.58306884765625e-06, 'additional_metrics': {}, 'success': True}, 'Whittle': {'hurst_estimate': 0.8462801913581197, 'ground_truth_h': 0.6, 'accuracy': 0.5895330144031338, 'r_squared': 0.7905793703265958, 'method': 'MockWhittle', 'estimation_time': 8.58306884765625e-06, 'additional_metrics': {}, 'success': True}, 'WaveletWhittle': {'hurst_estimate': 0.7376715190902952, 'ground_truth_h': 0.6, 'accuracy': 0.7705474681828414, 'r_squared': 0.7805357374686507, 'method': 'MockWaveletWhittle', 'estimation_time': 8.58306884765625e-06, 'additional_metrics': {}, 'success': True}}"
hydrology_500,synthetic,1,500,hydrology,0.6768628074456465,acceptable,"{'distribution_similarity': 0.6946681676564042, 'moment_preservation': 0.6084994298845947, 'quantile_matching': 0.7310008939981638, 'autocorrelation_preservation': 0.988295231537379, 'trend_preservation': 0.49707517961958136, 'scaling_behavior': 0.3471470277766889, 'spectral_properties': 0.7930070227701417, 'extreme_value_behavior': 0.7221576663503928}","['Quality is acceptable but could be improved. Review generation parameters.', 'Excellent performance in: autocorrelation_preservation']",0.006674528121948242,"{'DFA': {'hurst_estimate': 0.8916078394844216, 'ground_truth_h': 0.6, 'accuracy': 0.5139869341926306, 'r_squared': 0.8680058380167243, 'method': 'MockDFA', 'estimation_time': 1.7404556274414062e-05, 'additional_metrics': {}, 'success': True}, 'GPH': {'hurst_estimate': 0.6369002766499435, 'ground_truth_h': 0.6, 'accuracy': 0.9384995389167607, 'r_squared': 0.7990371300616143, 'method': 'MockGPH', 'estimation_time': 8.821487426757812e-06, 'additional_metrics': {}, 'success': True}, 'Higuchi': {'hurst_estimate': 0.8140520775054152, 'ground_truth_h': 0.6, 'accuracy': 0.6432465374909746, 'r_squared': 0.8563843639812881, 'method': 'MockHiguchi', 'estimation_time': 8.344650268554688e-06, 'additional_metrics': {}, 'success': True}, 'RS': {'hurst_estimate': 0.7857940947234322, 'ground_truth_h': 0.6, 'accuracy': 0.6903431754609463, 'r_squared': 0.9090863722916223, 'method': 'MockRS', 'estimation_time': 8.58306884765625e-06, 'additional_metrics': {}, 'success': True}, 'Whittle': {'error': 'Estimator failed on hydrology domain with 500 points', 'success': False}, 'WaveletWhittle': {'hurst_estimate': 0.602132332928787, 'ground_truth_h': 0.6, 'accuracy': 0.996446111785355, 'r_squared': 0.770718994867852, 'method': 'MockWaveletWhittle', 'estimation_time': 8.821487426757812e-06, 'additional_metrics': {}, 'success': True}}"
hydrology_1000,synthetic,0,1000,hydrology,0.6579562361246191,acceptable,"{'distribution_similarity': 0.7300558708966832, 'moment_preservation': 0.831984071285728, 'quantile_matching': 0.8473857767443701, 'autocorrelation_preservation': 0.9870942217364569, 'trend_preservation': 0.44078523965858557, 'scaling_behavior': 0.154168344651871, 'extreme_value_behavior': 0.9170904270470527}","['Quality is acceptable but could be improved. Review generation parameters.', 'Excellent performance in: moment_preservation, quantile_matching, autocorrelation_preservation']",0.00683903694152832,"{'DFA': {'hurst_estimate': 0.9210032431269793, 'ground_truth_h': 0.6, 'accuracy': 0.4649945947883677, 'r_squared': 0.7754028494079245, 'method': 'MockDFA', 'estimation_time': 2.0265579223632812e-05, 'additional_metrics': {}, 'success': True}, 'GPH': {'hurst_estimate': 0.8101451985372647, 'ground_truth_h': 0.6, 'accuracy': 0.6497580024378921, 'r_squared': 0.8787618208685928, 'method': 'MockGPH', 'estimation_time': 1.0013580322265625e-05, 'additional_metrics': {}, 'success': True}, 'Higuchi': {'hurst_estimate': 0.9398589230708051, 'ground_truth_h': 0.6, 'accuracy': 0.43356846154865814, 'r_squared': 0.8376338404571503, 'method': 'MockHiguchi', 'estimation_time': 9.059906005859375e-06, 'additional_metrics': {}, 'success': True}, 'RS': {'error': 'Estimator failed on hydrology domain with 1000 points', 'success': False}, 'Whittle': {'hurst_estimate': 0.8452806208833744, 'ground_truth_h': 0.6, 'accuracy': 0.5911989651943759, 'r_squared': 0.7097457366817678, 'method': 'MockWhittle', 'estimation_time': 9.5367431640625e-06, 'additional_metrics': {}, 'success': True}, 'WaveletWhittle': {'error': 'Estimator failed on hydrology domain with 1000 points', 'success': False}}"
hydrology_1000,synthetic,1,1000,hydrology,0.6579562361246191,acceptable,"{'distribution_similarity': 0.7300558708966832, 'moment_preservation': 0.831984071285728, 'quantile_matching': 0.8473857767443701, 'autocorrelation_preservation': 0.9870942217364569, 'trend_preservation': 0.44078523965858557, 'scaling_behavior': 0.154168344651871, 'extreme_value_behavior': 0.9170904270470527}","['Quality is acceptable but could be improved. Review generation parameters.', 'Excellent performance in: moment_preservation, quantile_matching, autocorrelation_preservation']",0.01031494140625,"{'DFA': {'hurst_estimate': 0.775778928369132, 'ground_truth_h': 0.6, 'accuracy': 0.7070351193847799, 'r_squared': 0.8055302463641059, 'method': 'MockDFA', 'estimation_time': 4.4345855712890625e-05, 'additional_metrics': {}, 'success': True}, 'GPH': {'error': 'Estimator failed on hydrology domain with 1000 points', 'success': False}, 'Higuchi': {'hurst_estimate': 0.9256121232982231, 'ground_truth_h': 0.6, 'accuracy': 0.45731312783629485, 'r_squared': 0.8903843594708102, 'method': 'MockHiguchi', 'estimation_time': 9.298324584960938e-06, 'additional_metrics': {}, 'success': True}, 'RS': {'hurst_estimate': 0.7622733315228216, 'ground_truth_h': 0.6, 'accuracy': 0.7295444474619639, 'r_squared': 0.7251095478608613, 'method': 'MockRS', 'estimation_time': 8.821487426757812e-06, 'additional_metrics': {}, 'success': True}, 'Whittle': {'hurst_estimate': 0.8034250775515065, 'ground_truth_h': 0.6, 'accuracy': 0.6609582040808224, 'r_squared': 0.735477681133698, 'method': 'MockWhittle', 'estimation_time': 8.58306884765625e-06, 'additional_metrics': {}, 'success': True}, 'WaveletWhittle': {'error': 'Estimator failed on hydrology domain with 1000 points', 'success': False}}"
hydrology_2000,synthetic,0,2000,hydrology,0.7056144683637258,good,"{'distribution_similarity': 0.7367735787166395, 'moment_preservation': 0.7836480689399331, 'quantile_matching': 0.8451129069880129, 'autocorrelation_preservation': 0.976614693911972, 'trend_preservation': 0.46912692717581306, 'scaling_behavior': 0.3443516206023539, 'extreme_value_behavior': 0.9960481716374919}","['Excellent performance in: quantile_matching, autocorrelation_preservation, extreme_value_behavior']",0.012464284896850586,"{'DFA': {'error': 'Estimator failed on hydrology domain with 2000 points', 'success': False}, 'GPH': {'hurst_estimate': 0.8210946375005134, 'ground_truth_h': 0.6, 'accuracy': 0.6315089374991443, 'r_squared': 0.9136379806852115, 'method': 'MockGPH', 'estimation_time': 3.790855407714844e-05, 'additional_metrics': {}, 'success': True}, 'Higuchi': {'hurst_estimate': 0.7201209822789001, 'ground_truth_h': 0.6, 'accuracy': 0.7997983628684998, 'r_squared': 0.945473733532706, 'method': 'MockHiguchi', 'estimation_time': 9.059906005859375e-06, 'additional_metrics': {}, 'success': True}, 'RS': {'hurst_estimate': 0.8327611507977766, 'ground_truth_h': 0.6, 'accuracy': 0.6120647486703723, 'r_squared': 0.8028212727327207, 'method': 'MockRS', 'estimation_time': 8.106231689453125e-06, 'additional_metrics': {}, 'success': True}, 'Whittle': {'hurst_estimate': 0.7942830552199278, 'ground_truth_h': 0.6, 'accuracy': 0.6761949079667869, 'r_squared': 0.7842380306948789, 'method': 'MockWhittle', 'estimation_time': 8.58306884765625e-06, 'additional_metrics': {}, 'success': True}, 'WaveletWhittle': {'error': 'Estimator failed on hydrology domain with 2000 points', 'success': False}}"
hydrology_2000,synthetic,1,2000,hydrology,0.7056144683637258,good,"{'distribution_similarity': 0.7367735787166395, 'moment_preservation': 0.7836480689399331, 'quantile_matching': 0.8451129069880129, 'autocorrelation_preservation': 0.976614693911972, 'trend_preservation': 0.46912692717581306, 'scaling_behavior': 0.3443516206023539, 'extreme_value_behavior': 0.9960481716374919}","['Excellent performance in: quantile_matching, autocorrelation_preservation, extreme_value_behavior']",0.01159358024597168,"{'DFA': {'hurst_estimate': 0.9140729253405616, 'ground_truth_h': 0.6, 'accuracy': 0.47654512443239727, 'r_squared': 0.9115774869202284, 'method': 'MockDFA', 'estimation_time': 5.8650970458984375e-05, 'additional_metrics': {}, 'success': True}, 'GPH': {'error': 'Estimator failed on hydrology domain with 2000 points', 'success': False}, 'Higuchi': {'hurst_estimate': 0.7036200328736097, 'ground_truth_h': 0.6, 'accuracy': 0.8272999452106504, 'r_squared': 0.8055891856384327, 'method': 'MockHiguchi', 'estimation_time': 8.821487426757812e-06, 'additional_metrics': {}, 'success': True}, 'RS': {'hurst_estimate': 0.8387513934356807, 'ground_truth_h': 0.6, 'accuracy': 0.6020810109405321, 'r_squared': 0.7607889100897454, 'method': 'MockRS', 'estimation_time': 9.298324584960938e-06, 'additional_metrics': {}, 'success': True}, 'Whittle': {'error': 'Estimator failed on hydrology domain with 2000 points', 'success': False}, 'WaveletWhittle': {'hurst_estimate': 0.7433639800655464, 'ground_truth_h': 0.6, 'accuracy': 0.7610600332240893, 'r_squared': 0.7864347220846244, 'method': 'MockWaveletWhittle', 'estimation_time': 8.58306884765625e-06, 'additional_metrics': {}, 'success': True}}"
financial_100,synthetic,0,100,financial,0.6368211307830395,acceptable,"{'distribution_similarity': 0.6300085470577085, 'moment_preservation': 0.6361187909012463, 'quantile_matching': 0.6718052989871642, 'autocorrelation_preservation': 0.9888706489079242, 'seasonality_preservation': 0.8548187984145236, 'trend_preservation': 0.19561058590704442, 'scaling_behavior': 0.3157775939071162, 'spectral_properties': 0.8567403078455382, 'volatility_clustering': 0.34894384023254027}","['Quality is acceptable but could be improved. Review generation parameters.', 'Excellent performance in: autocorrelation_preservation, seasonality_preservation, spectral_properties']",0.007649898529052734,"{'DFA': {'error': 'Estimator failed on financial domain with 100 points', 'success': False}, 'GPH': {'hurst_estimate': 0.8737974661469465, 'ground_truth_h': 0.7, 'accuracy': 0.751717905504362, 'r_squared': 0.8383823505055132, 'method': 'MockGPH', 'estimation_time': 2.1457672119140625e-05, 'additional_metrics': {}, 'success': True}, 'Higuchi': {'error': 'Estimator failed on financial domain with 100 points', 'success': False}, 'RS': {'hurst_estimate': 0.7418198376549098, 'ground_truth_h': 0.7, 'accuracy': 0.9402573747787003, 'r_squared': 0.8320736656876102, 'method': 'MockRS', 'estimation_time': 9.298324584960938e-06, 'additional_metrics': {}, 'success': True}, 'Whittle': {'error': 'Estimator failed on financial domain with 100 points', 'success': False}, 'WaveletWhittle': {'hurst_estimate': 0.7117052266269046, 'ground_truth_h': 0.7, 'accuracy': 0.9832782476758505, 'r_squared': 0.8852035816657277, 'method': 'MockWaveletWhittle', 'estimation_time': 8.821487426757812e-06, 'additional_metrics': {}, 'success': True}}"
financial_100,synthetic,1,100,financial,0.6368211307830395,acceptable,"{'distribution_similarity': 0.6300085470577085, 'moment_preservation': 0.6361187909012463, 'quantile_matching': 0.6718052989871642, 'autocorrelation_preservation': 0.9888706489079242, 'seasonality_preservation': 0.8548187984145236, 'trend_preservation': 0.19561058590704442, 'scaling_behavior': 0.3157775939071162, 'spectral_properties': 0.8567403078455382, 'volatility_clustering': 0.34894384023254027}","['Quality is acceptable but could be improved. Review generation parameters.', 'Excellent performance in: autocorrelation_preservation, seasonality_preservation, spectral_properties']",0.007034778594970703,"{'DFA': {'hurst_estimate': 0.6084024656842825, 'ground_truth_h': 0.7, 'accuracy': 0.869146379548975, 'r_squared': 0.7352590430171633, 'method': 'MockDFA', 'estimation_time': 1.52587890625e-05, 'additional_metrics': {}, 'success': True}, 'GPH': {'error': 'Estimator failed on financial domain with 100 points', 'success': False}, 'Higuchi': {'hurst_estimate': 0.8084256248607123, 'ground_truth_h': 0.7, 'accuracy': 0.8451062501989823, 'r_squared': 0.9136852651440557, 'method': 'MockHiguchi', 'estimation_time': 9.298324584960938e-06, 'additional_metrics': {}, 'success': True}, 'RS': {'hurst_estimate': 0.7152219692056877, 'ground_truth_h': 0.7, 'accuracy': 0.9782543297061603, 'r_squared': 0.7864188811264452, 'method': 'MockRS', 'estimation_time': 8.58306884765625e-06, 'additional_metrics': {}, 'success': True}, 'Whittle': {'hurst_estimate': 0.6500010600164192, 'ground_truth_h': 0.7, 'accuracy': 0.9285729428805989, 'r_squared': 0.8095528319107139, 'method': 'MockWhittle', 'estimation_time': 8.821487426757812e-06, 'additional_metrics': {}, 'success': True}, 'WaveletWhittle': {'hurst_estimate': 0.6948278812019708, 'ground_truth_h': 0.7, 'accuracy': 0.9926112588599584, 'r_squared': 0.8990805739590817, 'method': 'MockWaveletWhittle', 'estimation_time': 8.58306884765625e-06, 'additional_metrics': {}, 'success': True}}"
financial_500,synthetic,0,500,financial,0.8191635175910977,good,"{'distribution_similarity': 0.7021495171160494, 'moment_preservation': 0.9304707113464021, 'quantile_matching': 0.8327727324720925, 'autocorrelation_preservation': 0.9869234650246468, 'trend_preservation': 0.8102410587637071, 'scaling_behavior': 0.9794421279912319, 'spectral_properties': 0.8453843464709164, 'volatility_clustering': 0.2629032448937785}","['Excellent performance in: moment_preservation, quantile_matching, autocorrelation_preservation']",0.0061414241790771484,"{'DFA': {'hurst_estimate': 0.6378501382575088, 'ground_truth_h': 0.7, 'accuracy': 0.9112144832250126, 'r_squared': 0.7285825459461109, 'method': 'MockDFA', 'estimation_time': 2.3365020751953125e-05, 'additional_metrics': {}, 'success': True}, 'GPH': {'error': 'Estimator failed on financial domain with 500 points', 'success': False}, 'Higuchi': {'hurst_estimate': 0.8859489009568396, 'ground_truth_h': 0.7, 'accuracy': 0.7343587129188005, 'r_squared': 0.8847785282613194, 'method': 'MockHiguchi', 'estimation_time': 1.2874603271484375e-05, 'additional_metrics': {}, 'success': True}, 'RS': {'hurst_estimate': 0.773889349954007, 'ground_truth_h': 0.7, 'accuracy': 0.8944437857799898, 'r_squared': 0.8779844833498799, 'method': 'MockRS', 'estimation_time': 1.239776611328125e-05, 'additional_metrics': {}, 'success': True}, 'Whittle': {'hurst_estimate': 0.8263021839240222, 'ground_truth_h': 0.7, 'accuracy': 0.8195683086799682, 'r_squared': 0.8605721431580393, 'method': 'MockWhittle', 'estimation_time': 1.5497207641601562e-05, 'additional_metrics': {}, 'success': True}, 'WaveletWhittle': {'error': 'Estimator failed on financial domain with 500 points', 'success': False}}"
financial_500,synthetic,1,500,financial,0.8191635175910977,good,"{'distribution_similarity': 0.7021495171160494, 'moment_preservation': 0.9304707113464021, 'quantile_matching': 0.8327727324720925, 'autocorrelation_preservation': 0.9869234650246468, 'trend_preservation': 0.8102410587637071, 'scaling_behavior': 0.9794421279912319, 'spectral_properties': 0.8453843464709164, 'volatility_clustering': 0.2629032448937785}","['Excellent performance in: moment_preservation, quantile_matching, autocorrelation_preservation']",0.0065081119537353516,"{'DFA': {'hurst_estimate': 0.680635316778173, 'ground_truth_h': 0.7, 'accuracy': 0.9723361668259615, 'r_squared': 0.809951355025391, 'method': 'MockDFA', 'estimation_time': 2.0503997802734375e-05, 'additional_metrics': {}, 'success': True}, 'GPH': {'hurst_estimate': 0.7672026559997424, 'ground_truth_h': 0.7, 'accuracy': 0.9039962057146537, 'r_squared': 0.8563374048642078, 'method': 'MockGPH', 'estimation_time': 8.821487426757812e-06, 'additional_metrics': {}, 'success': True}, 'Higuchi': {'error': 'Estimator failed on financial domain with 500 points', 'success': False}, 'RS': {'hurst_estimate': 0.8549856788058947, 'ground_truth_h': 0.7, 'accuracy': 0.7785918874201503, 'r_squared': 0.8803060373923588, 'method': 'MockRS', 'estimation_time': 8.821487426757812e-06, 'additional_metrics': {}, 'success': True}, 'Whittle': {'error': 'Estimator failed on financial domain with 500 points', 'success': False}, 'WaveletWhittle': {'hurst_estimate': 0.7748673611017481, 'ground_truth_h': 0.7, 'accuracy': 0.8930466269975026, 'r_squared': 0.7766793018125735, 'method': 'MockWaveletWhittle', 'estimation_time': 8.821487426757812e-06, 'additional_metrics': {}, 'success': True}}"
financial_1000,synthetic,0,1000,financial,0.5485188393904105,acceptable,"{'distribution_similarity': 0.6891780497559159, 'moment_preservation': 0.5861762241105142, 'quantile_matching': 0.8250355688535508, 'autocorrelation_preservation': 0.9821383151019016, 'trend_preservation': 0.3795833788234066, 'scaling_behavior': 0.19800613033403244, 'volatility_clustering': 0.2918656612434142}","['Quality is acceptable but could be improved. Review generation parameters.', 'Excellent performance in: quantile_matching, autocorrelation_preservation']",0.008089303970336914,"{'DFA': {'hurst_estimate': 0.7833168157303191, 'ground_truth_h': 0.7, 'accuracy': 0.8809759775281155, 'r_squared': 0.7251748814634431, 'method': 'MockDFA', 'estimation_time': 1.811981201171875e-05, 'additional_metrics': {}, 'success': True}, 'GPH': {'hurst_estimate': 0.828245222539687, 'ground_truth_h': 0.7, 'accuracy': 0.8167925392290185, 'r_squared': 0.9107580429170468, 'method': 'MockGPH', 'estimation_time': 9.298324584960938e-06, 'additional_metrics': {}, 'success': True}, 'Higuchi': {'hurst_estimate': 0.895699193956272, 'ground_truth_h': 0.7, 'accuracy': 0.7204297229196115, 'r_squared': 0.8755921843585679, 'method': 'MockHiguchi', 'estimation_time': 1.0013580322265625e-05, 'additional_metrics': {}, 'success': True}, 'RS': {'hurst_estimate': 0.8234347946143359, 'ground_truth_h': 0.7, 'accuracy': 0.8236645791223772, 'r_squared': 0.7819949866174627, 'method': 'MockRS', 'estimation_time': 8.821487426757812e-06, 'additional_metrics': {}, 'success': True}, 'Whittle': {'error': 'Estimator failed on financial domain with 1000 points', 'success': False}, 'WaveletWhittle': {'hurst_estimate': 0.910118111552105, 'ground_truth_h': 0.7, 'accuracy': 0.6998312692112785, 'r_squared': 0.820810372847528, 'method': 'MockWaveletWhittle', 'estimation_time': 8.58306884765625e-06, 'additional_metrics': {}, 'success': True}}"
financial_1000,synthetic,1,1000,financial,0.5485188393904105,acceptable,"{'distribution_similarity': 0.6891780497559159, 'moment_preservation': 0.5861762241105142, 'quantile_matching': 0.8250355688535508, 'autocorrelation_preservation': 0.9821383151019016, 'trend_preservation': 0.3795833788234066, 'scaling_behavior': 0.19800613033403244, 'volatility_clustering': 0.2918656612434142}","['Quality is acceptable but could be improved. Review generation parameters.', 'Excellent performance in: quantile_matching, autocorrelation_preservation']",0.008942127227783203,"{'DFA': {'hurst_estimate': 0.7549710220607339, 'ground_truth_h': 0.7, 'accuracy': 0.9214699684846659, 'r_squared': 0.8701129621070488, 'method': 'MockDFA', 'estimation_time': 3.0517578125e-05, 'additional_metrics': {}, 'success': True}, 'GPH': {'hurst_estimate': 0.7723720793921519, 'ground_truth_h': 0.7, 'accuracy': 0.8966113151540687, 'r_squared': 0.8348663797068544, 'method': 'MockGPH', 'estimation_time': 1.1205673217773438e-05, 'additional_metrics': {}, 'success': True}, 'Higuchi': {'hurst_estimate': 0.8646613440483473, 'ground_truth_h': 0.7, 'accuracy': 0.7647695085023609, 'r_squared': 0.8309407054446906, 'method': 'MockHiguchi', 'estimation_time': 9.5367431640625e-06, 'additional_metrics': {}, 'success': True}, 'RS': {'hurst_estimate': 0.7592032177692412, 'ground_truth_h': 0.7, 'accuracy': 0.9154239746153697, 'r_squared': 0.8728135509955747, 'method': 'MockRS', 'estimation_time': 8.821487426757812e-06, 'additional_metrics': {}, 'success': True}, 'Whittle': {'hurst_estimate': 0.8625519436540346, 'ground_truth_h': 0.7, 'accuracy': 0.7677829376370933, 'r_squared': 0.7499091720306978, 'method': 'MockWhittle', 'estimation_time': 1.0728836059570312e-05, 'additional_metrics': {}, 'success': True}, 'WaveletWhittle': {'hurst_estimate': 0.8924199614311662, 'ground_truth_h': 0.7, 'accuracy': 0.7251143408126197, 'r_squared': 0.7038917269439984, 'method': 'MockWaveletWhittle', 'estimation_time': 1.049041748046875e-05, 'additional_metrics': {}, 'success': True}}"
financial_2000,synthetic,0,2000,financial,0.597861274546664,acceptable,"{'distribution_similarity': 0.6635590223519707, 'moment_preservation': 0.34281275833882424, 'quantile_matching': 0.7080258398831957, 'autocorrelation_preservation': 0.9860374619066212, 'trend_preservation': 0.45603311031898985, 'scaling_behavior': 0.6109880188336085, 'volatility_clustering': 0.2549048867563322}","['Quality is acceptable but could be improved. Review generation parameters.', 'Excellent performance in: autocorrelation_preservation']",0.009623527526855469,"{'DFA': {'hurst_estimate': 0.9493353875662869, 'ground_truth_h': 0.7, 'accuracy': 0.6438065891910186, 'r_squared': 0.9390751638014605, 'method': 'MockDFA', 'estimation_time': 1.6450881958007812e-05, 'additional_metrics': {}, 'success': True}, 'GPH': {'hurst_estimate': 0.7315369749845633, 'ground_truth_h': 0.7, 'accuracy': 0.954947178593481, 'r_squared': 0.8775839152104677, 'method': 'MockGPH', 'estimation_time': 8.58306884765625e-06, 'additional_metrics': {}, 'success': True}, 'Higuchi': {'hurst_estimate': 0.8540473040724784, 'ground_truth_h': 0.7, 'accuracy': 0.7799324227536022, 'r_squared': 0.7522050093370808, 'method': 'MockHiguchi', 'estimation_time': 8.344650268554688e-06, 'additional_metrics': {}, 'success': True}, 'RS': {'hurst_estimate': 0.7911475645773283, 'ground_truth_h': 0.7, 'accuracy': 0.8697891934609595, 'r_squared': 0.9380783097101996, 'method': 'MockRS', 'estimation_time': 8.58306884765625e-06, 'additional_metrics': {}, 'success': True}, 'Whittle': {'hurst_estimate': 0.7755075055143748, 'ground_truth_h': 0.7, 'accuracy': 0.8921321349794645, 'r_squared': 0.7596780451491543, 'method': 'MockWhittle', 'estimation_time': 8.821487426757812e-06, 'additional_metrics': {}, 'success': True}, 'WaveletWhittle': {'hurst_estimate': 0.8105111019455284, 'ground_truth_h': 0.7, 'accuracy': 0.8421269972206735, 'r_squared': 0.7980057989525932, 'method': 'MockWaveletWhittle', 'estimation_time': 8.344650268554688e-06, 'additional_metrics': {}, 'success': True}}"
financial_2000,synthetic,1,2000,financial,0.597861274546664,acceptable,"{'distribution_similarity': 0.6635590223519707, 'moment_preservation': 0.34281275833882424, 'quantile_matching': 0.7080258398831957, 'autocorrelation_preservation': 0.9860374619066212, 'trend_preservation': 0.45603311031898985, 'scaling_behavior': 0.6109880188336085, 'volatility_clustering': 0.2549048867563322}","['Quality is acceptable but could be improved. Review generation parameters.', 'Excellent performance in: autocorrelation_preservation']",0.007652997970581055,"{'DFA': {'hurst_estimate': 0.8487329082622785, 'ground_truth_h': 0.7, 'accuracy': 0.7875244167681734, 'r_squared': 0.8418497761462913, 'method': 'MockDFA', 'estimation_time': 1.7404556274414062e-05, 'additional_metrics': {}, 'success': True}, 'GPH': {'error': 'Estimator failed on financial domain with 2000 points', 'success': False}, 'Higuchi': {'hurst_estimate': 0.9182490084426485, 'ground_truth_h': 0.7, 'accuracy': 0.6882157022247879, 'r_squared': 0.8141658391051014, 'method': 'MockHiguchi', 'estimation_time': 9.059906005859375e-06, 'additional_metrics': {}, 'success': True}, 'RS': {'hurst_estimate': 0.8413435228953416, 'ground_truth_h': 0.7, 'accuracy': 0.7980806815780833, 'r_squared': 0.736981075174219, 'method': 'MockRS', 'estimation_time': 8.821487426757812e-06, 'additional_metrics': {}, 'success': True}, 'Whittle': {'error': 'Estimator failed on financial domain with 2000 points', 'success': False}, 'WaveletWhittle': {'hurst_estimate': 0.8114300672906851, 'ground_truth_h': 0.7, 'accuracy': 0.8408141895847354, 'r_squared': 0.7148958870260684, 'method': 'MockWaveletWhittle', 'estimation_time': 8.58306884765625e-06, 'additional_metrics': {}, 'success': True}}"
biomedical_100,synthetic,0,100,biomedical,0.6526179463952099,acceptable,"{'distribution_similarity': 0.6920170423726083, 'moment_preservation': 0.8234782050113109, 'quantile_matching': 0.7644695088416363, 'autocorrelation_preservation': 0.9931315426896102, 'seasonality_preservation': 0.7493134738895026, 'trend_preservation': 0.28752396118816675, 'scaling_behavior': 0.1321804056718161, 'spectral_properties': 0.6894886139880925, 'baseline_behavior': 0.9999998667732977}","['Quality is acceptable but could be improved. Review generation parameters.', 'Excellent performance in: moment_preservation, autocorrelation_preservation, baseline_behavior']",0.006412982940673828,"{'DFA': {'hurst_estimate': 0.7835660989253241, 'ground_truth_h': 0.8, 'accuracy': 0.9794576236566551, 'r_squared': 0.7926476490460382, 'method': 'MockDFA', 'estimation_time': 1.8835067749023438e-05, 'additional_metrics': {}, 'success': True}, 'GPH': {'hurst_estimate': 0.6586757358268758, 'ground_truth_h': 0.8, 'accuracy': 0.8233446697835947, 'r_squared': 0.7692981130681319, 'method': 'MockGPH', 'estimation_time': 1.1444091796875e-05, 'additional_metrics': {}, 'success': True}, 'Higuchi': {'hurst_estimate': 0.6385467874961787, 'ground_truth_h': 0.8, 'accuracy': 0.7981834843702232, 'r_squared': 0.8790243868633965, 'method': 'MockHiguchi', 'estimation_time': 1.0967254638671875e-05, 'additional_metrics': {}, 'success': True}, 'RS': {'error': 'Estimator failed on biomedical domain with 100 points', 'success': False}, 'Whittle': {'error': 'Estimator failed on biomedical domain with 100 points', 'success': False}, 'WaveletWhittle': {'hurst_estimate': 0.7319143331412595, 'ground_truth_h': 0.8, 'accuracy': 0.9148929164265743, 'r_squared': 0.9179371798354654, 'method': 'MockWaveletWhittle', 'estimation_time': 1.2874603271484375e-05, 'additional_metrics': {}, 'success': True}}"
biomedical_100,synthetic,1,100,biomedical,0.6526179463952099,acceptable,"{'distribution_similarity': 0.6920170423726083, 'moment_preservation': 0.8234782050113109, 'quantile_matching': 0.7644695088416363, 'autocorrelation_preservation': 0.9931315426896102, 'seasonality_preservation': 0.7493134738895026, 'trend_preservation': 0.28752396118816675, 'scaling_behavior': 0.1321804056718161, 'spectral_properties': 0.6894886139880925, 'baseline_behavior': 0.9999998667732977}","['Quality is acceptable but could be improved. Review generation parameters.', 'Excellent performance in: moment_preservation, autocorrelation_preservation, baseline_behavior']",0.0067827701568603516,"{'DFA': {'hurst_estimate': 0.7467585290528821, 'ground_truth_h': 0.8, 'accuracy': 0.9334481613161025, 'r_squared': 0.8635970854779806, 'method': 'MockDFA', 'estimation_time': 1.811981201171875e-05, 'additional_metrics': {}, 'success': True}, 'GPH': {'error': 'Estimator failed on biomedical domain with 100 points', 'success': False}, 'Higuchi': {'hurst_estimate': 0.7655625863383494, 'ground_truth_h': 0.8, 'accuracy': 0.9569532329229367, 'r_squared': 0.7436051945097124, 'method': 'MockHiguchi', 'estimation_time': 9.059906005859375e-06, 'additional_metrics': {}, 'success': True}, 'RS': {'error': 'Estimator failed on biomedical domain with 100 points', 'success': False}, 'Whittle': {'error': 'Estimator failed on biomedical domain with 100 points', 'success': False}, 'WaveletWhittle': {'hurst_estimate': 0.8792237839559096, 'ground_truth_h': 0.8, 'accuracy': 0.900970270055113, 'r_squared': 0.8933171762428218, 'method': 'MockWaveletWhittle', 'estimation_time': 8.58306884765625e-06, 'additional_metrics': {}, 'success': True}}"
biomedical_500,synthetic,0,500,biomedical,0.6630580277119673,acceptable,"{'distribution_similarity': 0.7218098504960251, 'moment_preservation': 0.7393308763532159, 'quantile_matching': 0.7681864001629133, 'autocorrelation_preservation': 0.956606410678849, 'trend_preservation': 0.41422237011954655, 'scaling_behavior': 0.27657868969548416, 'spectral_properties': 0.6566963136564008, 'baseline_behavior': 0.9999997535306285}","['Quality is acceptable but could be improved. Review generation parameters.', 'Excellent performance in: autocorrelation_preservation, baseline_behavior']",0.006509304046630859,"{'DFA': {'hurst_estimate': 0.6558643337051354, 'ground_truth_h': 0.8, 'accuracy': 0.8198304171314192, 'r_squared': 0.7550913742854262, 'method': 'MockDFA', 'estimation_time': 1.621246337890625e-05, 'additional_metrics': {}, 'success': True}, 'GPH': {'error': 'Estimator failed on biomedical domain with 500 points', 'success': False}, 'Higuchi': {'hurst_estimate': 0.6454579497066377, 'ground_truth_h': 0.8, 'accuracy': 0.806822437133297, 'r_squared': 0.8191747251518724, 'method': 'MockHiguchi', 'estimation_time': 9.059906005859375e-06, 'additional_metrics': {}, 'success': True}, 'RS': {'hurst_estimate': 0.8487190797397443, 'ground_truth_h': 0.8, 'accuracy': 0.9391011503253197, 'r_squared': 0.7217593924837693, 'method': 'MockRS', 'estimation_time': 8.821487426757812e-06, 'additional_metrics': {}, 'success': True}, 'Whittle': {'error': 'Estimator failed on biomedical domain with 500 points', 'success': False}, 'WaveletWhittle': {'hurst_estimate': 0.7864969449750493, 'ground_truth_h': 0.8, 'accuracy': 0.9831211812188115, 'r_squared': 0.8301561574781455, 'method': 'MockWaveletWhittle', 'estimation_time': 8.344650268554688e-06, 'additional_metrics': {}, 'success': True}}"
biomedical_500,synthetic,1,500,biomedical,0.6630580277119673,acceptable,"{'distribution_similarity': 0.7218098504960251, 'moment_preservation': 0.7393308763532159, 'quantile_matching': 0.7681864001629133, 'autocorrelation_preservation': 0.956606410678849, 'trend_preservation': 0.41422237011954655, 'scaling_behavior': 0.27657868969548416, 'spectral_properties': 0.6566963136564008, 'baseline_behavior': 0.9999997535306285}","['Quality is acceptable but could be improved. Review generation parameters.', 'Excellent performance in: autocorrelation_preservation, baseline_behavior']",0.007345676422119141,"{'DFA': {'hurst_estimate': 0.7784827093976264, 'ground_truth_h': 0.8, 'accuracy': 0.973103386747033, 'r_squared': 0.9213977599695202, 'method': 'MockDFA', 'estimation_time': 2.7418136596679688e-05, 'additional_metrics': {}, 'success': True}, 'GPH': {'hurst_estimate': 0.6152405132320569, 'ground_truth_h': 0.8, 'accuracy': 0.7690506415400711, 'r_squared': 0.8859214888196858, 'method': 'MockGPH', 'estimation_time': 8.821487426757812e-06, 'additional_metrics': {}, 'success': True}, 'Higuchi': {'error': 'Estimator failed on biomedical domain with 500 points', 'success': False}, 'RS': {'error': 'Estimator failed on biomedical domain with 500 points', 'success': False}, 'Whittle': {'error': 'Estimator failed on biomedical domain with 500 points', 'success': False}, 'WaveletWhittle': {'hurst_estimate': 0.8195446953024877, 'ground_truth_h': 0.8, 'accuracy': 0.9755691308718903, 'r_squared': 0.87499464321239, 'method': 'MockWaveletWhittle', 'estimation_time': 8.821487426757812e-06, 'additional_metrics': {}, 'success': True}}"
biomedical_1000,synthetic,0,1000,biomedical,0.6479015844134821,acceptable,"{'distribution_similarity': 0.7090419815523458, 'moment_preservation': 0.7170720512030865, 'quantile_matching': 0.7558602898507358, 'autocorrelation_preservation': 0.9451777538525283, 'trend_preservation': 0.6180907930486481, 'scaling_behavior': 0.12434521124136509, 'baseline_behavior': 0.9999996780355302}","['Quality is acceptable but could be improved. Review generation parameters.', 'Excellent performance in: autocorrelation_preservation, baseline_behavior']",0.011060237884521484,"{'DFA': {'hurst_estimate': 0.7192701046605214, 'ground_truth_h': 0.8, 'accuracy': 0.8990876308256517, 'r_squared': 0.9417306785377957, 'method': 'MockDFA', 'estimation_time': 2.1696090698242188e-05, 'additional_metrics': {}, 'success': True}, 'GPH': {'error': 'Estimator failed on biomedical domain with 1000 points', 'success': False}, 'Higuchi': {'hurst_estimate': 0.7856614812284086, 'ground_truth_h': 0.8, 'accuracy': 0.9820768515355107, 'r_squared': 0.7763628725276808, 'method': 'MockHiguchi', 'estimation_time': 8.821487426757812e-06, 'additional_metrics': {}, 'success': True}, 'RS': {'hurst_estimate': 0.80724517316388, 'ground_truth_h': 0.8, 'accuracy': 0.9909435335451501, 'r_squared': 0.7005940365787446, 'method': 'MockRS', 'estimation_time': 8.58306884765625e-06, 'additional_metrics': {}, 'success': True}, 'Whittle': {'hurst_estimate': 0.8748928650086402, 'ground_truth_h': 0.8, 'accuracy': 0.9063839187391999, 'r_squared': 0.949629685297494, 'method': 'MockWhittle', 'estimation_time': 8.58306884765625e-06, 'additional_metrics': {}, 'success': True}, 'WaveletWhittle': {'hurst_estimate': 0.7141789624936251, 'ground_truth_h': 0.8, 'accuracy': 0.8927237031170313, 'r_squared': 0.7332298556120955, 'method': 'MockWaveletWhittle', 'estimation_time': 8.821487426757812e-06, 'additional_metrics': {}, 'success': True}}"
biomedical_1000,synthetic,1,1000,biomedical,0.6479015844134821,acceptable,"{'distribution_similarity': 0.7090419815523458, 'moment_preservation': 0.7170720512030865, 'quantile_matching': 0.7558602898507358, 'autocorrelation_preservation': 0.9451777538525283, 'trend_preservation': 0.6180907930486481, 'scaling_behavior': 0.12434521124136509, 'baseline_behavior': 0.9999996780355302}","['Quality is acceptable but could be improved. Review generation parameters.', 'Excellent performance in: autocorrelation_preservation, baseline_behavior']",0.008429288864135742,"{'DFA': {'hurst_estimate': 0.9055149142148048, 'ground_truth_h': 0.8, 'accuracy': 0.8681063572314941, 'r_squared': 0.7926542963275971, 'method': 'MockDFA', 'estimation_time': 3.62396240234375e-05, 'additional_metrics': {}, 'success': True}, 'GPH': {'hurst_estimate': 0.7832055098940673, 'ground_truth_h': 0.8, 'accuracy': 0.9790068873675841, 'r_squared': 0.7206568160490813, 'method': 'MockGPH', 'estimation_time': 8.58306884765625e-06, 'additional_metrics': {}, 'success': True}, 'Higuchi': {'hurst_estimate': 0.7917048699727587, 'ground_truth_h': 0.8, 'accuracy': 0.9896310874659483, 'r_squared': 0.8490880311972093, 'method': 'MockHiguchi', 'estimation_time': 8.106231689453125e-06, 'additional_metrics': {}, 'success': True}, 'RS': {'hurst_estimate': 0.919303557660734, 'ground_truth_h': 0.8, 'accuracy': 0.8508705529240825, 'r_squared': 0.7628182698327414, 'method': 'MockRS', 'estimation_time': 8.821487426757812e-06, 'additional_metrics': {}, 'success': True}, 'Whittle': {'hurst_estimate': 0.8243586644702449, 'ground_truth_h': 0.8, 'accuracy': 0.969551669412194, 'r_squared': 0.8647027466672741, 'method': 'MockWhittle', 'estimation_time': 8.344650268554688e-06, 'additional_metrics': {}, 'success': True}, 'WaveletWhittle': {'error': 'Estimator failed on biomedical domain with 1000 points', 'success': False}}"
biomedical_2000,synthetic,0,2000,biomedical,0.6187361938824893,acceptable,"{'distribution_similarity': 0.732243562736485, 'moment_preservation': 0.5864502448948261, 'quantile_matching': 0.7602909227133451, 'autocorrelation_preservation': 0.9465817195490089, 'trend_preservation': 0.4728301921281848, 'scaling_behavior': 0.11886287400871372, 'baseline_behavior': 0.9999997535306285}","['Quality is acceptable but could be improved. Review generation parameters.', 'Excellent performance in: autocorrelation_preservation, baseline_behavior']",0.011293888092041016,"{'DFA': {'hurst_estimate': 0.8382529572915522, 'ground_truth_h': 0.8, 'accuracy': 0.9521838033855597, 'r_squared': 0.8560596512556901, 'method': 'MockDFA', 'estimation_time': 2.5033950805664062e-05, 'additional_metrics': {}, 'success': True}, 'GPH': {'hurst_estimate': 0.8693929333016915, 'ground_truth_h': 0.8, 'accuracy': 0.9132588333728856, 'r_squared': 0.9189001983172775, 'method': 'MockGPH', 'estimation_time': 9.298324584960938e-06, 'additional_metrics': {}, 'success': True}, 'Higuchi': {'hurst_estimate': 0.708681675010749, 'ground_truth_h': 0.8, 'accuracy': 0.8858520937634362, 'r_squared': 0.7134748636063353, 'method': 'MockHiguchi', 'estimation_time': 8.821487426757812e-06, 'additional_metrics': {}, 'success': True}, 'RS': {'hurst_estimate': 0.773987987902448, 'ground_truth_h': 0.8, 'accuracy': 0.96748498487806, 'r_squared': 0.9257672220695924, 'method': 'MockRS', 'estimation_time': 9.059906005859375e-06, 'additional_metrics': {}, 'success': True}, 'Whittle': {'hurst_estimate': 0.924570492604647, 'ground_truth_h': 0.8, 'accuracy': 0.8442868842441913, 'r_squared': 0.9498620152670749, 'method': 'MockWhittle', 'estimation_time': 8.58306884765625e-06, 'additional_metrics': {}, 'success': True}, 'WaveletWhittle': {'hurst_estimate': 0.7346765918932818, 'ground_truth_h': 0.8, 'accuracy': 0.9183457398666022, 'r_squared': 0.9275956519326133, 'method': 'MockWaveletWhittle', 'estimation_time': 8.821487426757812e-06, 'additional_metrics': {}, 'success': True}}"
biomedical_2000,synthetic,1,2000,biomedical,0.6187361938824893,acceptable,"{'distribution_similarity': 0.732243562736485, 'moment_preservation': 0.5864502448948261, 'quantile_matching': 0.7602909227133451, 'autocorrelation_preservation': 0.9465817195490089, 'trend_preservation': 0.4728301921281848, 'scaling_behavior': 0.11886287400871372, 'baseline_behavior': 0.9999997535306285}","['Quality is acceptable but could be improved. Review generation parameters.', 'Excellent performance in: autocorrelation_preservation, baseline_behavior']",0.008988618850708008,"{'DFA': {'hurst_estimate': 0.7235064981409807, 'ground_truth_h': 0.8, 'accuracy': 0.9043831226762258, 'r_squared': 0.8636472372619535, 'method': 'MockDFA', 'estimation_time': 1.7881393432617188e-05, 'additional_metrics': {}, 'success': True}, 'GPH': {'hurst_estimate': 0.7278922422257408, 'ground_truth_h': 0.8, 'accuracy': 0.9098653027821759, 'r_squared': 0.9071098724925976, 'method': 'MockGPH', 'estimation_time': 8.821487426757812e-06, 'additional_metrics': {}, 'success': True}, 'Higuchi': {'hurst_estimate': 0.7197250884757219, 'ground_truth_h': 0.8, 'accuracy': 0.8996563605946524, 'r_squared': 0.7816778137457769, 'method': 'MockHiguchi', 'estimation_time': 8.821487426757812e-06, 'additional_metrics': {}, 'success': True}, 'RS': {'error': 'Estimator failed on biomedical domain with 2000 points', 'success': False}, 'Whittle': {'hurst_estimate': 0.8090286564050148, 'ground_truth_h': 0.8, 'accuracy': 0.9887141794937316, 'r_squared': 0.9122819090806135, 'method': 'MockWhittle', 'estimation_time': 9.059906005859375e-06, 'additional_metrics': {}, 'success': True}, 'WaveletWhittle': {'error': 'Estimator failed on biomedical domain with 2000 points', 'success': False}}"
climate_100,synthetic,0,100,climate,0.815023473620636,good,"{'distribution_similarity': 0.7125728098193048, 'moment_preservation': 0.8589000304581387, 'quantile_matching': 0.8884074742933868, 'autocorrelation_preservation': 0.9999330424595072, 'seasonality_preservation': 0.8734331680302402, 'trend_preservation': 0.30872686685277023, 'scaling_behavior': 0.7327183325928556, 'spectral_properties': 0.8826454918551858, 'seasonal_pattern_strength': 0.99999923394704}","['Excellent performance in: moment_preservation, quantile_matching, autocorrelation_preservation']",0.00641632080078125,"{'DFA': {'hurst_estimate': 0.7094622186827841, 'ground_truth_h': 0.9, 'accuracy': 0.7882913540919824, 'r_squared': 0.9402259600543276, 'method': 'MockDFA', 'estimation_time': 1.6927719116210938e-05, 'additional_metrics': {}, 'success': True}, 'GPH': {'hurst_estimate': 0.6094865676168868, 'ground_truth_h': 0.9, 'accuracy': 0.6772072973520964, 'r_squared': 0.8422040518875348, 'method': 'MockGPH', 'estimation_time': 9.059906005859375e-06, 'additional_metrics': {}, 'success': True}, 'Higuchi': {'hurst_estimate': 0.715682622270059, 'ground_truth_h': 0.9, 'accuracy': 0.7952029136333989, 'r_squared': 0.8589383231182351, 'method': 'MockHiguchi', 'estimation_time': 8.821487426757812e-06, 'additional_metrics': {}, 'success': True}, 'RS': {'hurst_estimate': 0.8193488926977082, 'ground_truth_h': 0.9, 'accuracy': 0.9103876585530091, 'r_squared': 0.7498795659594878, 'method': 'MockRS', 'estimation_time': 8.344650268554688e-06, 'additional_metrics': {}, 'success': True}, 'Whittle': {'hurst_estimate': 0.7426894682593185, 'ground_truth_h': 0.9, 'accuracy': 0.8252105202881316, 'r_squared': 0.9436155458043354, 'method': 'MockWhittle', 'estimation_time': 8.58306884765625e-06, 'additional_metrics': {}, 'success': True}, 'WaveletWhittle': {'error': 'Estimator failed on climate domain with 100 points', 'success': False}}"
climate_100,synthetic,1,100,climate,0.815023473620636,good,"{'distribution_similarity': 0.7125728098193048, 'moment_preservation': 0.8589000304581387, 'quantile_matching': 0.8884074742933868, 'autocorrelation_preservation': 0.9999330424595072, 'seasonality_preservation': 0.8734331680302402, 'trend_preservation': 0.30872686685277023, 'scaling_behavior': 0.7327183325928556, 'spectral_properties': 0.8826454918551858, 'seasonal_pattern_strength': 0.99999923394704}","['Excellent performance in: moment_preservation, quantile_matching, autocorrelation_preservation']",0.00598907470703125,"{'DFA': {'hurst_estimate': 0.8967918968124616, 'ground_truth_h': 0.9, 'accuracy': 0.9964354409027352, 'r_squared': 0.7129906518531841, 'method': 'MockDFA', 'estimation_time': 1.621246337890625e-05, 'additional_metrics': {}, 'success': True}, 'GPH': {'hurst_estimate': 0.6993445592762662, 'ground_truth_h': 0.9, 'accuracy': 0.7770495103069623, 'r_squared': 0.7261949415916656, 'method': 'MockGPH', 'estimation_time': 9.5367431640625e-06, 'additional_metrics': {}, 'success': True}, 'Higuchi': {'hurst_estimate': 0.7464900892766999, 'ground_truth_h': 0.9, 'accuracy': 0.8294334325296665, 'r_squared': 0.8874317336197286, 'method': 'MockHiguchi', 'estimation_time': 8.344650268554688e-06, 'additional_metrics': {}, 'success': True}, 'RS': {'hurst_estimate': 0.6337633220062969, 'ground_truth_h': 0.9, 'accuracy': 0.7041814688958854, 'r_squared': 0.9478081750573574, 'method': 'MockRS', 'estimation_time': 8.821487426757812e-06, 'additional_metrics': {}, 'success': True}, 'Whittle': {'error': 'Estimator failed on climate domain with 100 points', 'success': False}, 'WaveletWhittle': {'hurst_estimate': 0.8237073494813157, 'ground_truth_h': 0.9, 'accuracy': 0.915230388312573, 'r_squared': 0.7566180526746896, 'method': 'MockWaveletWhittle', 'estimation_time': 8.58306884765625e-06, 'additional_metrics': {}, 'success': True}}"
climate_500,synthetic,0,500,climate,0.7977691375148502,good,"{'distribution_similarity': 0.7351570339519544, 'moment_preservation': 0.9006668182395264, 'quantile_matching': 0.8634518088394404, 'autocorrelation_preservation': 0.9924029805676897, 'trend_preservation': 0.9774305096479843, 'scaling_behavior': 0.25626287038554846, 'spectral_properties': 0.8993085832119192, 'seasonal_pattern_strength': 0.9999996780354268}","['Excellent performance in: moment_preservation, quantile_matching, autocorrelation_preservation']",0.008544683456420898,"{'DFA': {'hurst_estimate': 0.7580293439567279, 'ground_truth_h': 0.9, 'accuracy': 0.8422548266185865, 'r_squared': 0.8963314830823409, 'method': 'MockDFA', 'estimation_time': 4.57763671875e-05, 'additional_metrics': {}, 'success': True}, 'GPH': {'error': 'Estimator failed on climate domain with 500 points', 'success': False}, 'Higuchi': {'hurst_estimate': 0.8482430329259687, 'ground_truth_h': 0.9, 'accuracy': 0.9424922588066319, 'r_squared': 0.7417408988639809, 'method': 'MockHiguchi', 'estimation_time': 1.1205673217773438e-05, 'additional_metrics': {}, 'success': True}, 'RS': {'hurst_estimate': 0.8145443370743783, 'ground_truth_h': 0.9, 'accuracy': 0.9050492634159759, 'r_squared': 0.9212034133154103, 'method': 'MockRS', 'estimation_time': 1.0251998901367188e-05, 'additional_metrics': {}, 'success': True}, 'Whittle': {'hurst_estimate': 0.6823738010041056, 'ground_truth_h': 0.9, 'accuracy': 0.758193112226784, 'r_squared': 0.916454453354103, 'method': 'MockWhittle', 'estimation_time': 1.4066696166992188e-05, 'additional_metrics': {}, 'success': True}, 'WaveletWhittle': {'hurst_estimate': 0.8913369756827112, 'ground_truth_h': 0.9, 'accuracy': 0.9903744174252347, 'r_squared': 0.7551561539642937, 'method': 'MockWaveletWhittle', 'estimation_time': 1.1205673217773438e-05, 'additional_metrics': {}, 'success': True}}"
climate_500,synthetic,1,500,climate,0.7977691375148502,good,"{'distribution_similarity': 0.7351570339519544, 'moment_preservation': 0.9006668182395264, 'quantile_matching': 0.8634518088394404, 'autocorrelation_preservation': 0.9924029805676897, 'trend_preservation': 0.9774305096479843, 'scaling_behavior': 0.25626287038554846, 'spectral_properties': 0.8993085832119192, 'seasonal_pattern_strength': 0.9999996780354268}","['Excellent performance in: moment_preservation, quantile_matching, autocorrelation_preservation']",0.0102386474609375,"{'DFA': {'hurst_estimate': 0.6977535388663498, 'ground_truth_h': 0.9, 'accuracy': 0.7752817098514998, 'r_squared': 0.8989494602813601, 'method': 'MockDFA', 'estimation_time': 2.47955322265625e-05, 'additional_metrics': {}, 'success': True}, 'GPH': {'error': 'Estimator failed on climate domain with 500 points', 'success': False}, 'Higuchi': {'hurst_estimate': 0.7563684438899148, 'ground_truth_h': 0.9, 'accuracy': 0.8404093820999052, 'r_squared': 0.7575666493234805, 'method': 'MockHiguchi', 'estimation_time': 9.298324584960938e-06, 'additional_metrics': {}, 'success': True}, 'RS': {'hurst_estimate': 0.7976879403193694, 'ground_truth_h': 0.9, 'accuracy': 0.8863199336881882, 'r_squared': 0.8304904677471842, 'method': 'MockRS', 'estimation_time': 9.059906005859375e-06, 'additional_metrics': {}, 'success': True}, 'Whittle': {'hurst_estimate': 0.6634171532589387, 'ground_truth_h': 0.9, 'accuracy': 0.7371301702877096, 'r_squared': 0.8430126034116794, 'method': 'MockWhittle', 'estimation_time': 8.58306884765625e-06, 'additional_metrics': {}, 'success': True}, 'WaveletWhittle': {'error': 'Estimator failed on climate domain with 500 points', 'success': False}}"
climate_1000,synthetic,0,1000,climate,0.6841519320130344,acceptable,"{'distribution_similarity': 0.6989448237073016, 'moment_preservation': 0.910243457617509, 'quantile_matching': 0.8356924252586087, 'autocorrelation_preservation': 0.9878695870873802, 'trend_preservation': 0.39179463698664657, 'scaling_behavior': 0.24175736118935393, 'seasonal_pattern_strength': 0.9999996780354266}","['Quality is acceptable but could be improved. Review generation parameters.', 'Excellent performance in: moment_preservation, quantile_matching, autocorrelation_preservation']",0.008652687072753906,"{'DFA': {'hurst_estimate': 0.9339197526498889, 'ground_truth_h': 0.9, 'accuracy': 0.9623113859445679, 'r_squared': 0.703256927695043, 'method': 'MockDFA', 'estimation_time': 2.7894973754882812e-05, 'additional_metrics': {}, 'success': True}, 'GPH': {'hurst_estimate': 0.8072386677925082, 'ground_truth_h': 0.9, 'accuracy': 0.8969318531027869, 'r_squared': 0.7710496502716747, 'method': 'MockGPH', 'estimation_time': 8.58306884765625e-06, 'additional_metrics': {}, 'success': True}, 'Higuchi': {'hurst_estimate': 0.8235655128104294, 'ground_truth_h': 0.9, 'accuracy': 0.9150727920115882, 'r_squared': 0.8817917859184746, 'method': 'MockHiguchi', 'estimation_time': 8.106231689453125e-06, 'additional_metrics': {}, 'success': True}, 'RS': {'hurst_estimate': 0.7945405307757689, 'ground_truth_h': 0.9, 'accuracy': 0.8828228119730765, 'r_squared': 0.9462632258201484, 'method': 'MockRS', 'estimation_time': 8.58306884765625e-06, 'additional_metrics': {}, 'success': True}, 'Whittle': {'hurst_estimate': 0.8515239384663182, 'ground_truth_h': 0.9, 'accuracy': 0.9461377094070202, 'r_squared': 0.7157638039100047, 'method': 'MockWhittle', 'estimation_time': 8.58306884765625e-06, 'additional_metrics': {}, 'success': True}, 'WaveletWhittle': {'hurst_estimate': 0.8975194565507194, 'ground_truth_h': 0.9, 'accuracy': 0.9972438406119104, 'r_squared': 0.824755468009213, 'method': 'MockWaveletWhittle', 'estimation_time': 8.344650268554688e-06, 'additional_metrics': {}, 'success': True}}"
climate_1000,synthetic,1,1000,climate,0.6841519320130344,acceptable,"{'distribution_similarity': 0.6989448237073016, 'moment_preservation': 0.910243457617509, 'quantile_matching': 0.8356924252586087, 'autocorrelation_preservation': 0.9878695870873802, 'trend_preservation': 0.39179463698664657, 'scaling_behavior': 0.24175736118935393, 'seasonal_pattern_strength': 0.9999996780354266}","['Quality is acceptable but could be improved. Review generation parameters.', 'Excellent performance in: moment_preservation, quantile_matching, autocorrelation_preservation']",0.009361505508422852,"{'DFA': {'hurst_estimate': 0.780992782000817, 'ground_truth_h': 0.9, 'accuracy': 0.8677697577786856, 'r_squared': 0.9163830869080359, 'method': 'MockDFA', 'estimation_time': 2.7894973754882812e-05, 'additional_metrics': {}, 'success': True}, 'GPH': {'hurst_estimate': 0.712865005706913, 'ground_truth_h': 0.9, 'accuracy': 0.7920722285632367, 'r_squared': 0.8692963721288584, 'method': 'MockGPH', 'estimation_time': 8.821487426757812e-06, 'additional_metrics': {}, 'success': True}, 'Higuchi': {'hurst_estimate': 0.7789410068878322, 'ground_truth_h': 0.9, 'accuracy': 0.8654900076531469, 'r_squared': 0.773995767253564, 'method': 'MockHiguchi', 'estimation_time': 8.344650268554688e-06, 'additional_metrics': {}, 'success': True}, 'RS': {'hurst_estimate': 0.7391347165537925, 'ground_truth_h': 0.9, 'accuracy': 0.8212607961708805, 'r_squared': 0.8479900610007866, 'method': 'MockRS', 'estimation_time': 8.344650268554688e-06, 'additional_metrics': {}, 'success': True}, 'Whittle': {'hurst_estimate': 0.8441387711440871, 'ground_truth_h': 0.9, 'accuracy': 0.9379319679378745, 'r_squared': 0.7841491932632385, 'method': 'MockWhittle', 'estimation_time': 8.344650268554688e-06, 'additional_metrics': {}, 'success': True}, 'WaveletWhittle': {'hurst_estimate': 0.7190140201552022, 'ground_truth_h': 0.9, 'accuracy': 0.7989044668391135, 'r_squared': 0.7988731524753016, 'method': 'MockWaveletWhittle', 'estimation_time': 8.106231689453125e-06, 'additional_metrics': {}, 'success': True}}"
climate_2000,synthetic,0,2000,climate,0.7875505021724799,good,"{'distribution_similarity': 0.6904395108645031, 'moment_preservation': 0.7472120862787243, 'quantile_matching': 0.7996319262131227, 'autocorrelation_preservation': 0.9840430008194057, 'trend_preservation': 0.5418516765813589, 'scaling_behavior': 0.7495136977774915, 'seasonal_pattern_strength': 0.9999996780354268}","['Excellent performance in: autocorrelation_preservation, seasonal_pattern_strength']",0.008768320083618164,"{'DFA': {'hurst_estimate': 0.7260632850126228, 'ground_truth_h': 0.9, 'accuracy': 0.8067369833473588, 'r_squared': 0.9444901258729667, 'method': 'MockDFA', 'estimation_time': 2.288818359375e-05, 'additional_metrics': {}, 'success': True}, 'GPH': {'hurst_estimate': 0.7963652911686483, 'ground_truth_h': 0.9, 'accuracy': 0.8848503235207203, 'r_squared': 0.805710641750786, 'method': 'MockGPH', 'estimation_time': 9.5367431640625e-06, 'additional_metrics': {}, 'success': True}, 'Higuchi': {'hurst_estimate': 0.7582750830878886, 'ground_truth_h': 0.9, 'accuracy': 0.842527870097654, 'r_squared': 0.8864488247071389, 'method': 'MockHiguchi', 'estimation_time': 8.821487426757812e-06, 'additional_metrics': {}, 'success': True}, 'RS': {'hurst_estimate': 0.9285993077199832, 'ground_truth_h': 0.9, 'accuracy': 0.9682229914222409, 'r_squared': 0.8732311927302239, 'method': 'MockRS', 'estimation_time': 9.5367431640625e-06, 'additional_metrics': {}, 'success': True}, 'Whittle': {'hurst_estimate': 0.7047700441470128, 'ground_truth_h': 0.9, 'accuracy': 0.7830778268300143, 'r_squared': 0.7831172121215686, 'method': 'MockWhittle', 'estimation_time': 9.298324584960938e-06, 'additional_metrics': {}, 'success': True}, 'WaveletWhittle': {'hurst_estimate': 0.8029515490156811, 'ground_truth_h': 0.9, 'accuracy': 0.8921683877952012, 'r_squared': 0.9383690069619715, 'method': 'MockWaveletWhittle', 'estimation_time': 9.059906005859375e-06, 'additional_metrics': {}, 'success': True}}"
climate_2000,synthetic,1,2000,climate,0.7875505021724799,good,"{'distribution_similarity': 0.6904395108645031, 'moment_preservation': 0.7472120862787243, 'quantile_matching': 0.7996319262131227, 'autocorrelation_preservation': 0.9840430008194057, 'trend_preservation': 0.5418516765813589, 'scaling_behavior': 0.7495136977774915, 'seasonal_pattern_strength': 0.9999996780354268}","['Excellent performance in: autocorrelation_preservation, seasonal_pattern_strength']",0.008845329284667969,"{'DFA': {'hurst_estimate': 0.8890280404136601, 'ground_truth_h': 0.9, 'accuracy': 0.9878089337929556, 'r_squared': 0.7350473246398248, 'method': 'MockDFA', 'estimation_time': 5.698204040527344e-05, 'additional_metrics': {}, 'success': True}, 'GPH': {'hurst_estimate': 0.7466414936348513, 'ground_truth_h': 0.9, 'accuracy': 0.8296016595942792, 'r_squared': 0.8439566336761647, 'method': 'MockGPH', 'estimation_time': 9.059906005859375e-06, 'additional_metrics': {}, 'success': True}, 'Higuchi': {'hurst_estimate': 0.8883724914803541, 'ground_truth_h': 0.9, 'accuracy': 0.9870805460892823, 'r_squared': 0.9474406957382839, 'method': 'MockHiguchi', 'estimation_time': 9.059906005859375e-06, 'additional_metrics': {}, 'success': True}, 'RS': {'hurst_estimate': 0.8874499650076497, 'ground_truth_h': 0.9, 'accuracy': 0.9860555166751663, 'r_squared': 0.9187222275021869, 'method': 'MockRS', 'estimation_time': 1.0251998901367188e-05, 'additional_metrics': {}, 'success': True}, 'Whittle': {'hurst_estimate': 0.7194806522262762, 'ground_truth_h': 0.9, 'accuracy': 0.7994229469180847, 'r_squared': 0.9218724526766764, 'method': 'MockWhittle', 'estimation_time': 8.58306884765625e-06, 'additional_metrics': {}, 'success': True}, 'WaveletWhittle': {'hurst_estimate': 0.8463091573840918, 'ground_truth_h': 0.9, 'accuracy': 0.9403435082045465, 'r_squared': 0.8552208576133853, 'method': 'MockWaveletWhittle', 'estimation_time': 8.821487426757812e-06, 'additional_metrics': {}, 'success': True}}"
nile_river_flow,realistic,0,100,hydrology,1.0,excellent,"{'distribution_similarity': 1.0, 'moment_preservation': 1.0, 'quantile_matching': 1.0, 'autocorrelation_preservation': 1.0, 'seasonality_preservation': 1.0, 'trend_preservation': 1.0, 'scaling_behavior': 1.0, 'spectral_properties': 1.0, 'extreme_value_behavior': 1.0}","['Excellent performance in: distribution_similarity, moment_preservation, quantile_matching']",0.005946159362792969,"{'DFA': {'hurst_estimate': 0.6958401979383882, 'ground_truth_h': None, 'accuracy': None, 'r_squared': 0.7892012467439118, 'method': 'MockDFA', 'estimation_time': 2.765655517578125e-05, 'additional_metrics': {}, 'success': True}, 'GPH': {'error': 'Estimator failed on hydrology domain with 100 points', 'success': False}, 'Higuchi': {'hurst_estimate': 0.8508753683050909, 'ground_truth_h': None, 'accuracy': None, 'r_squared': 0.9233318420756086, 'method': 'MockHiguchi', 'estimation_time': 1.3113021850585938e-05, 'additional_metrics': {}, 'success': True}, 'RS': {'error': 'Estimator failed on hydrology domain with 100 points', 'success': False}, 'Whittle': {'hurst_estimate': 0.7238434091805109, 'ground_truth_h': None, 'accuracy': None, 'r_squared': 0.7626505144051581, 'method': 'MockWhittle', 'estimation_time': 1.2636184692382812e-05, 'additional_metrics': {}, 'success': True}, 'WaveletWhittle': {'hurst_estimate': 0.6095905905729756, 'ground_truth_h': None, 'accuracy': None, 'r_squared': 0.8227272986310504, 'method': 'MockWaveletWhittle', 'estimation_time': 1.239776611328125e-05, 'additional_metrics': {}, 'success': True}}"
daily_temperature,realistic,0,18250,climate,1.0,excellent,"{'distribution_similarity': 1.0, 'moment_preservation': 1.0, 'quantile_matching': 1.0, 'autocorrelation_preservation': 1.0, 'seasonality_preservation': 1.0, 'trend_preservation': 1.0, 'scaling_behavior': 1.0, 'spectral_properties': 1.0, 'seasonal_pattern_strength': 1.0}","['Excellent performance in: distribution_similarity, moment_preservation, quantile_matching']",0.021778106689453125,"{'DFA': {'error': 'Estimator failed on climate domain with 18250 points', 'success': False}, 'GPH': {'hurst_estimate': 0.9473426356532852, 'ground_truth_h': None, 'accuracy': None, 'r_squared': 0.8186276687992896, 'method': 'MockGPH', 'estimation_time': 6.151199340820312e-05, 'additional_metrics': {}, 'success': True}, 'Higuchi': {'error': 'Estimator failed on climate domain with 18250 points', 'success': False}, 'RS': {'error': 'Estimator failed on climate domain with 18250 points', 'success': False}, 'Whittle': {'hurst_estimate': 0.793918662759618, 'ground_truth_h': None, 'accuracy': None, 'r_squared': 0.8759826220467701, 'method': 'MockWhittle', 'estimation_time': 1.1920928955078125e-05, 'additional_metrics': {}, 'success': True}, 'WaveletWhittle': {'hurst_estimate': 0.9115916635484125, 'ground_truth_h': None, 'accuracy': None, 'r_squared': 0.8171709989635213, 'method': 'MockWaveletWhittle', 'estimation_time': 1.1682510375976562e-05, 'additional_metrics': {}, 'success': True}}"
eeg_sample,realistic,0,10000,biomedical,1.0,excellent,"{'distribution_similarity': 1.0, 'moment_preservation': 1.0, 'quantile_matching': 1.0, 'autocorrelation_preservation': 1.0, 'seasonality_preservation': 1.0, 'trend_preservation': 1.0, 'scaling_behavior': 1.0, 'spectral_properties': 1.0, 'baseline_behavior': 1.0}","['Excellent performance in: distribution_similarity, moment_preservation, quantile_matching']",0.015873432159423828,"{'DFA': {'hurst_estimate': 0.9106728185355992, 'ground_truth_h': None, 'accuracy': None, 'r_squared': 0.7760865041795166, 'method': 'MockDFA', 'estimation_time': 5.030632019042969e-05, 'additional_metrics': {}, 'success': True}, 'GPH': {'hurst_estimate': 0.9118251462734782, 'ground_truth_h': None, 'accuracy': None, 'r_squared': 0.8014758543869525, 'method': 'MockGPH', 'estimation_time': 1.5497207641601562e-05, 'additional_metrics': {}, 'success': True}, 'Higuchi': {'hurst_estimate': 0.8110777565222816, 'ground_truth_h': None, 'accuracy': None, 'r_squared': 0.8250884512947845, 'method': 'MockHiguchi', 'estimation_time': 1.239776611328125e-05, 'additional_metrics': {}, 'success': True}, 'RS': {'hurst_estimate': 0.8783612105695346, 'ground_truth_h': None, 'accuracy': None, 'r_squared': 0.7752697691369919, 'method': 'MockRS', 'estimation_time': 1.2159347534179688e-05, 'additional_metrics': {}, 'success': True}, 'Whittle': {'hurst_estimate': 0.8712664176033841, 'ground_truth_h': None, 'accuracy': None, 'r_squared': 0.7415629987195425, 'method': 'MockWhittle', 'estimation_time': 1.1682510375976562e-05, 'additional_metrics': {}, 'success': True}, 'WaveletWhittle': {'hurst_estimate': 0.8839137627505577, 'ground_truth_h': None, 'accuracy': None, 'r_squared': 0.7019901824340307, 'method': 'MockWaveletWhittle', 'estimation_time': 1.1205673217773438e-05, 'additional_metrics': {}, 'success': True}}"
dow_jones_monthly,realistic,0,168,financial,1.0,excellent,"{'distribution_similarity': 1.0, 'moment_preservation': 1.0, 'quantile_matching': 1.0, 'autocorrelation_preservation': 1.0, 'seasonality_preservation': 1.0, 'trend_preservation': 1.0, 'scaling_behavior': 1.0, 'spectral_properties': 1.0, 'volatility_clustering': 1.0}","['Excellent performance in: distribution_similarity, moment_preservation, quantile_matching']",0.007349491119384766,"{'DFA': {'hurst_estimate': 0.6084149560008899, 'ground_truth_h': None, 'accuracy': None, 'r_squared': 0.9087034891888016, 'method': 'MockDFA', 'estimation_time': 2.0503997802734375e-05, 'additional_metrics': {}, 'success': True}, 'GPH': {'hurst_estimate': 0.8576336724151605, 'ground_truth_h': None, 'accuracy': None, 'r_squared': 0.792264094314705, 'method': 'MockGPH', 'estimation_time': 9.059906005859375e-06, 'additional_metrics': {}, 'success': True}, 'Higuchi': {'hurst_estimate': 0.8994719600534673, 'ground_truth_h': None, 'accuracy': None, 'r_squared': 0.8877131654980914, 'method': 'MockHiguchi', 'estimation_time': 8.344650268554688e-06, 'additional_metrics': {}, 'success': True}, 'RS': {'hurst_estimate': 0.8354899350548386, 'ground_truth_h': None, 'accuracy': None, 'r_squared': 0.8096082594324664, 'method': 'MockRS', 'estimation_time': 8.821487426757812e-06, 'additional_metrics': {}, 'success': True}, 'Whittle': {'hurst_estimate': 0.7499970140833359, 'ground_truth_h': None, 'accuracy': None, 'r_squared': 0.7444995050279722, 'method': 'MockWhittle', 'estimation_time': 8.58306884765625e-06, 'additional_metrics': {}, 'success': True}, 'WaveletWhittle': {'error': 'Estimator failed on financial domain with 168 points', 'success': False}}"
sunspot_activity,realistic,0,0,climate,,poor,"{'moment_preservation': nan, 'autocorrelation_preservation': 0.5, 'seasonal_pattern_strength': nan}",[],0.004072666168212891,"{'DFA': {'hurst_estimate': 0.7477670973963417, 'ground_truth_h': None, 'accuracy': None, 'r_squared': 0.923753099948236, 'method': 'MockDFA', 'estimation_time': 2.5272369384765625e-05, 'additional_metrics': {}, 'success': True}, 'GPH': {'hurst_estimate': 0.7192847427858449, 'ground_truth_h': None, 'accuracy': None, 'r_squared': 0.7374418333614421, 'method': 'MockGPH', 'estimation_time': 1.0013580322265625e-05, 'additional_metrics': {}, 'success': True}, 'Higuchi': {'hurst_estimate': 0.7156633453619058, 'ground_truth_h': None, 'accuracy': None, 'r_squared': 0.8832157141002794, 'method': 'MockHiguchi', 'estimation_time': 8.58306884765625e-06, 'additional_metrics': {}, 'success': True}, 'RS': {'hurst_estimate': 0.5475163525417128, 'ground_truth_h': None, 'accuracy': None, 'r_squared': 0.7132408896812976, 'method': 'MockRS', 'estimation_time': 8.58306884765625e-06, 'additional_metrics': {}, 'success': True}, 'Whittle': {'hurst_estimate': 0.570063515971845, 'ground_truth_h': None, 'accuracy': None, 'r_squared': 0.9253907405406046, 'method': 'MockWhittle', 'estimation_time': 8.58306884765625e-06, 'additional_metrics': {}, 'success': True}, 'WaveletWhittle': {'hurst_estimate': 0.7356935058079512, 'ground_truth_h': None, 'accuracy': None, 'r_squared': 0.9251691772250791, 'method': 'MockWaveletWhittle', 'estimation_time': 8.344650268554688e-06, 'additional_metrics': {}, 'success': True}}"
